parcelle;date;plot;modalite;plante;degat;Ground_cover
2022- P1;09.09.2022;1;OSR;1;0;
2022- P1;09.09.2022;1;OSR;2;6;
2022- P1;09.09.2022;1;OSR;3;0;
2022- P1;09.09.2022;1;OSR;4;2;
2022- P1;09.09.2022;1;OSR;5;0;
2022- P1;09.09.2022;1;OSR;6;3;
2022- P1;09.09.2022;1;OSR;7;0;
2022- P1;09.09.2022;1;OSR;8;0;
2022- P1;09.09.2022;1;OSR;9;2;
2022- P1;09.09.2022;1;OSR;10;4;
2022- P1;09.09.2022;1;OSR + WFB;1;9;
2022- P1;09.09.2022;1;OSR + WFB;2;1;
2022- P1;09.09.2022;1;OSR + WFB;3;4;
2022- P1;09.09.2022;1;OSR + WFB;4;12;
2022- P1;09.09.2022;1;OSR + WFB;5;8;
2022- P1;09.09.2022;1;OSR + WFB;6;0;
2022- P1;09.09.2022;1;OSR + WFB;7;7;
2022- P1;09.09.2022;1;OSR + WFB;8;9;
2022- P1;09.09.2022;1;OSR + WFB;9;2;
2022- P1;09.09.2022;1;OSR + WFB;10;5;
2022- P1;09.09.2022;1;OSR + ART;1;4;
2022- P1;09.09.2022;1;OSR + ART;2;0;
2022- P1;09.09.2022;1;OSR + ART;3;3;
2022- P1;09.09.2022;1;OSR + ART;4;16;
2022- P1;09.09.2022;1;OSR + ART;5;1;
2022- P1;09.09.2022;1;OSR + ART;6;3;
2022- P1;09.09.2022;1;OSR + ART;7;6;
2022- P1;09.09.2022;1;OSR + ART;8;0;
2022- P1;09.09.2022;1;OSR + ART;9;16;
2022- P1;09.09.2022;1;OSR + ART;10;11;
2022- P1;09.09.2022;2;OSR;1;4;
2022- P1;09.09.2022;2;OSR;2;41;
2022- P1;09.09.2022;2;OSR;3;6;
2022- P1;09.09.2022;2;OSR;4;15;
2022- P1;09.09.2022;2;OSR;5;6;
2022- P1;09.09.2022;2;OSR;6;2;
2022- P1;09.09.2022;2;OSR;7;6;
2022- P1;09.09.2022;2;OSR;8;16;
2022- P1;09.09.2022;2;OSR;9;7;
2022- P1;09.09.2022;2;OSR;10;9;
2022- P1;09.09.2022;2;OSR + ART;1;0;
2022- P1;09.09.2022;2;OSR + ART;2;1;
2022- P1;09.09.2022;2;OSR + ART;3;0;
2022- P1;09.09.2022;2;OSR + ART;4;0;
2022- P1;09.09.2022;2;OSR + ART;5;5;
2022- P1;09.09.2022;2;OSR + ART;6;2;
2022- P1;09.09.2022;2;OSR + ART;7;4;
2022- P1;09.09.2022;2;OSR + ART;8;7;
2022- P1;09.09.2022;2;OSR + ART;9;3;
2022- P1;09.09.2022;2;OSR + ART;10;21;
2022- P1;09.09.2022;2;OSR + WFB;1;4;
2022- P1;09.09.2022;2;OSR + WFB;2;0;
2022- P1;09.09.2022;2;OSR + WFB;3;9;
2022- P1;09.09.2022;2;OSR + WFB;4;15;
2022- P1;09.09.2022;2;OSR + WFB;5;6;
2022- P1;09.09.2022;2;OSR + WFB;6;0;
2022- P1;09.09.2022;2;OSR + WFB;7;0;
2022- P1;09.09.2022;2;OSR + WFB;8;12;
2022- P1;09.09.2022;2;OSR + WFB;9;7;
2022- P1;09.09.2022;2;OSR + WFB;10;9;
2022- P1;09.09.2022;3;OSR + ART;1;7;
2022- P1;09.09.2022;3;OSR + ART;2;0;
2022- P1;09.09.2022;3;OSR + ART;3;0;
2022- P1;09.09.2022;3;OSR + ART;4;0;
2022- P1;09.09.2022;3;OSR + ART;5;12;
2022- P1;09.09.2022;3;OSR + ART;6;8;
2022- P1;09.09.2022;3;OSR + ART;7;4;
2022- P1;09.09.2022;3;OSR + ART;8;10;
2022- P1;09.09.2022;3;OSR + ART;9;9;
2022- P1;09.09.2022;3;OSR + ART;10;2;
2022- P1;09.09.2022;3;OSR;1;9;
2022- P1;09.09.2022;3;OSR;2;14;
2022- P1;09.09.2022;3;OSR;3;6;
2022- P1;09.09.2022;3;OSR;4;4;
2022- P1;09.09.2022;3;OSR;5;0;
2022- P1;09.09.2022;3;OSR;6;2;
2022- P1;09.09.2022;3;OSR;7;1;
2022- P1;09.09.2022;3;OSR;8;4;
2022- P1;09.09.2022;3;OSR;9;2;
2022- P1;09.09.2022;3;OSR;10;0;
2022- P1;09.09.2022;3;OSR + WFB;1;1;
2022- P1;09.09.2022;3;OSR + WFB;2;0;
2022- P1;09.09.2022;3;OSR + WFB;3;13;
2022- P1;09.09.2022;3;OSR + WFB;4;6;
2022- P1;09.09.2022;3;OSR + WFB;5;0;
2022- P1;09.09.2022;3;OSR + WFB;6;14;
2022- P1;09.09.2022;3;OSR + WFB;7;16;
2022- P1;09.09.2022;3;OSR + WFB;8;2;
2022- P1;09.09.2022;3;OSR + WFB;9;2;
2022- P1;09.09.2022;3;OSR + WFB;10;14;
2022- P2;09.09.2022;1;OSR + ART;1;15;
2022- P2;09.09.2022;1;OSR + ART;2;23;
2022- P2;09.09.2022;1;OSR + ART;3;50;
2022- P2;09.09.2022;1;OSR + ART;4;20;
2022- P2;09.09.2022;1;OSR + ART;5;35;
2022- P2;09.09.2022;1;OSR + ART;6;17;
2022- P2;09.09.2022;1;OSR + ART;7;30;
2022- P2;09.09.2022;1;OSR + ART;8;22;
2022- P2;09.09.2022;1;OSR + ART;9;20;
2022- P2;09.09.2022;1;OSR + ART;10;4;
2022- P2;09.09.2022;1;OSR + SFB;1;18;
2022- P2;09.09.2022;1;OSR + SFB;2;29;
2022- P2;09.09.2022;1;OSR + SFB;3;24;
2022- P2;09.09.2022;1;OSR + SFB;4;30;
2022- P2;09.09.2022;1;OSR + SFB;5;31;
2022- P2;09.09.2022;1;OSR + SFB;6;35;
2022- P2;09.09.2022;1;OSR + SFB;7;33;
2022- P2;09.09.2022;1;OSR + SFB;8;14;
2022- P2;09.09.2022;1;OSR + SFB;9;18;
2022- P2;09.09.2022;1;OSR + SFB;10;47;
2022- P2;09.09.2022;1;OSR;1;44;
2022- P2;09.09.2022;1;OSR;2;12;
2022- P2;09.09.2022;1;OSR;3;7;
2022- P2;09.09.2022;1;OSR;4;21;
2022- P2;09.09.2022;1;OSR;5;5;
2022- P2;09.09.2022;1;OSR;6;7;
2022- P2;09.09.2022;1;OSR;7;22;
2022- P2;09.09.2022;1;OSR;8;17;
2022- P2;09.09.2022;1;OSR;9;14;
2022- P2;09.09.2022;1;OSR + SFB;10;11;
2022- P2;09.09.2022;2;OSR + SFB;1;50;
2022- P2;09.09.2022;2;OSR + SFB;2;50;
2022- P2;09.09.2022;2;OSR + SFB;3;50;
2022- P2;09.09.2022;2;OSR + SFB;4;50;
2022- P2;09.09.2022;2;OSR + SFB;5;50;
2022- P2;09.09.2022;2;OSR + SFB;6;50;
2022- P2;09.09.2022;2;OSR + SFB;7;50;
2022- P2;09.09.2022;2;OSR + SFB;8;50;
2022- P2;09.09.2022;2;OSR + SFB;9;50;
2022- P2;09.09.2022;2;OSR + SFB;10;50;
2022- P2;09.09.2022;2;OSR + ART;1;30;
2022- P2;09.09.2022;2;OSR + ART;2;27;
2022- P2;09.09.2022;2;OSR + ART;3;50;
2022- P2;09.09.2022;2;OSR + ART;4;50;
2022- P2;09.09.2022;2;OSR + ART;5;50;
2022- P2;09.09.2022;2;OSR + ART;6;39;
2022- P2;09.09.2022;2;OSR + ART;7;50;
2022- P2;09.09.2022;2;OSR + ART;8;50;
2022- P2;09.09.2022;2;OSR + ART;9;50;
2022- P2;09.09.2022;2;OSR + ART;10;9;
2022- P2;09.09.2022;1;OSR + WFB;1;24;
2022- P2;09.09.2022;1;OSR + WFB;2;50;
2022- P2;09.09.2022;1;OSR + WFB;3;50;
2022- P2;09.09.2022;1;OSR + WFB;4;33;
2022- P2;09.09.2022;1;OSR + WFB;5;24;
2022- P2;09.09.2022;1;OSR + WFB;6;50;
2022- P2;09.09.2022;1;OSR + WFB;7;50;
2022- P2;09.09.2022;1;OSR + WFB;8;50;
2022- P2;09.09.2022;1;OSR + WFB;9;50;
2022- P2;09.09.2022;1;OSR + WFB;10;50;
2022- P2;09.09.2022;2;OSR;1;50;
2022- P2;09.09.2022;2;OSR;2;50;
2022- P2;09.09.2022;2;OSR;3;17;
2022- P2;09.09.2022;2;OSR;4;25;
2022- P2;09.09.2022;2;OSR;5;50;
2022- P2;09.09.2022;2;OSR;6;24;
2022- P2;09.09.2022;2;OSR;7;8;
2022- P2;09.09.2022;2;OSR;8;50;
2022- P2;09.09.2022;2;OSR;9;50;
2022- P2;09.09.2022;2;OSR;10;50;
2022- P2;09.09.2022;2;OSR + WFB;1;50;
2022- P2;09.09.2022;2;OSR + WFB;2;50;
2022- P2;09.09.2022;2;OSR + WFB;3;7;
2022- P2;09.09.2022;2;OSR + WFB;4;2;
2022- P2;09.09.2022;2;OSR + WFB;5;1;
2022- P2;09.09.2022;2;OSR + WFB;6;0;
2022- P2;09.09.2022;2;OSR + WFB;7;50;
2022- P2;09.09.2022;2;OSR + WFB;8;50;
2022- P2;09.09.2022;2;OSR + WFB;9;50;
2022- P2;09.09.2022;2;OSR + WFB;10;50;
2022- P2;09.09.2022;3;OSR + ART;1;26;
2022- P2;09.09.2022;3;OSR + ART;2;22;
2022- P2;09.09.2022;3;OSR + ART;3;4;
2022- P2;09.09.2022;3;OSR + ART;4;0;
2022- P2;09.09.2022;3;OSR + ART;5;32;
2022- P2;09.09.2022;3;OSR + ART;6;6;
2022- P2;09.09.2022;3;OSR + ART;7;3;
2022- P2;09.09.2022;3;OSR + ART;8;0;
2022- P2;09.09.2022;3;OSR + ART;9;3;
2022- P2;09.09.2022;3;OSR + ART;10;3;
2022- P2;09.09.2022;3;OSR + WFB;1;50;
2022- P2;09.09.2022;3;OSR + WFB;2;50;
2022- P2;09.09.2022;3;OSR + WFB;3;50;
2022- P2;09.09.2022;3;OSR + WFB;4;50;
2022- P2;09.09.2022;3;OSR + WFB;5;50;
2022- P2;09.09.2022;3;OSR + WFB;6;50;
2022- P2;09.09.2022;3;OSR + WFB;7;50;
2022- P2;09.09.2022;3;OSR + WFB;8;8;
2022- P2;09.09.2022;3;OSR + WFB;9;50;
2022- P2;09.09.2022;3;OSR + WFB;10;50;
2022- P2;09.09.2022;3;OSR;1;NA;
2022- P2;09.09.2022;3;OSR;2;NA;
2022- P2;09.09.2022;3;OSR;3;NA;
2022- P2;09.09.2022;3;OSR;4;NA;
2022- P2;09.09.2022;3;OSR;5;NA;
2022- P2;09.09.2022;3;OSR;6;NA;
2022- P2;09.09.2022;3;OSR;7;NA;
2022- P2;09.09.2022;3;OSR;8;NA;
2022- P2;09.09.2022;3;OSR;9;NA;
2022- P2;09.09.2022;3;OSR;10;NA;
2022- P2;09.09.2022;3;OSR + SFB;1;NA;
2022- P2;09.09.2022;3;OSR + SFB;2;NA;
2022- P2;09.09.2022;3;OSR + SFB;3;NA;
2022- P2;09.09.2022;3;OSR + SFB;4;NA;
2022- P2;09.09.2022;3;OSR + SFB;5;NA;
2022- P2;09.09.2022;3;OSR + SFB;6;NA;
2022- P2;09.09.2022;3;OSR + SFB;7;NA;
2022- P2;09.09.2022;3;OSR + SFB;8;NA;
2022- P2;09.09.2022;3;OSR + SFB;9;NA;
2022- P2;09.09.2022;3;OSR + SFB;10;NA;
2022- P1;15.09.2022;1;OSR;1;4;27.904
2022- P1;15.09.2022;1;OSR;2;0;27.904
2022- P1;15.09.2022;1;OSR;3;2;27.904
2022- P1;15.09.2022;1;OSR;4;1;27.904
2022- P1;15.09.2022;1;OSR;5;0;27.904
2022- P1;15.09.2022;1;OSR;6;0;27.904
2022- P1;15.09.2022;1;OSR;7;2;27.904
2022- P1;15.09.2022;1;OSR;8;0;27.904
2022- P1;15.09.2022;1;OSR;9;0;27.904
2022- P1;15.09.2022;1;OSR;10;0;27.904
2022- P1;15.09.2022;2;OSR;1;0;15.369
2022- P1;15.09.2022;1;OSR + WFB;2;1;15.369
2022- P1;15.09.2022;1;OSR + WFB;3;5;15.369
2022- P1;15.09.2022;1;OSR + WFB;4;0;15.369
2022- P1;15.09.2022;1;OSR + WFB;5;1;15.369
2022- P1;15.09.2022;1;OSR + WFB;6;4;15.369
2022- P1;15.09.2022;1;OSR + WFB;7;0;15.369
2022- P1;15.09.2022;1;OSR + WFB;8;1;15.369
2022- P1;15.09.2022;1;OSR + WFB;9;8;15.369
2022- P1;15.09.2022;1;OSR + WFB;10;0;15.369
2022- P1;15.09.2022;3;OSR;1;0;16.895
2022- P1;15.09.2022;1;OSR + ART;2;2;16.895
2022- P1;15.09.2022;1;OSR + ART;3;3;16.895
2022- P1;15.09.2022;1;OSR + ART;4;0;16.895
2022- P1;15.09.2022;1;OSR + ART;5;1;16.895
2022- P1;15.09.2022;1;OSR + ART;6;12;16.895
2022- P1;15.09.2022;1;OSR + ART;7;2;16.895
2022- P1;15.09.2022;1;OSR + ART;8;1;16.895
2022- P1;15.09.2022;1;OSR + ART;9;0;16.895
2022- P1;15.09.2022;1;OSR + ART;10;0;16.895
2022- P1;15.09.2022;1;OSR + ART;1;0;21.909
2022- P1;15.09.2022;2;OSR;2;6;21.909
2022- P1;15.09.2022;2;OSR;3;4;21.909
2022- P1;15.09.2022;2;OSR;4;13;21.909
2022- P1;15.09.2022;2;OSR;5;3;21.909
2022- P1;15.09.2022;2;OSR;6;0;21.909
2022- P1;15.09.2022;2;OSR;7;0;21.909
2022- P1;15.09.2022;2;OSR;8;2;21.909
2022- P1;15.09.2022;2;OSR;9;7;21.909
2022- P1;15.09.2022;2;OSR;10;4;21.909
2022- P1;15.09.2022;2;OSR + ART;1;3;13.298
2022- P1;15.09.2022;2;OSR + ART;2;4;13.298
2022- P1;15.09.2022;2;OSR + ART;3;0;13.298
2022- P1;15.09.2022;2;OSR + ART;4;2;13.298
2022- P1;15.09.2022;2;OSR + ART;5;8;13.298
2022- P1;15.09.2022;2;OSR + ART;6;0;13.298
2022- P1;15.09.2022;2;OSR + ART;7;0;13.298
2022- P1;15.09.2022;2;OSR + ART;8;0;13.298
2022- P1;15.09.2022;2;OSR + ART;9;2;13.298
2022- P1;15.09.2022;2;OSR + ART;10;4;13.298
2022- P1;15.09.2022;3;OSR + ART;1;0;37.496
2022- P1;15.09.2022;2;OSR + WFB;2;0;37.496
2022- P1;15.09.2022;2;OSR + WFB;3;1;37.496
2022- P1;15.09.2022;2;OSR + WFB;4;0;37.496
2022- P1;15.09.2022;2;OSR + WFB;5;2;37.496
2022- P1;15.09.2022;2;OSR + WFB;6;0;37.496
2022- P1;15.09.2022;2;OSR + WFB;7;0;37.496
2022- P1;15.09.2022;2;OSR + WFB;8;0;37.496
2022- P1;15.09.2022;2;OSR + WFB;9;12;37.496
2022- P1;15.09.2022;2;OSR + WFB;10;0;37.496
2022- P1;15.09.2022;1;OSR + WFB;1;3;47.851
2022- P1;15.09.2022;3;OSR + ART;2;0;47.851
2022- P1;15.09.2022;3;OSR + ART;3;0;47.851
2022- P1;15.09.2022;3;OSR + ART;4;4;47.851
2022- P1;15.09.2022;3;OSR + ART;5;0;47.851
2022- P1;15.09.2022;3;OSR + ART;6;1;47.851
2022- P1;15.09.2022;3;OSR + ART;7;0;47.851
2022- P1;15.09.2022;3;OSR + ART;8;0;47.851
2022- P1;15.09.2022;3;OSR + ART;9;12;47.851
2022- P1;15.09.2022;3;OSR + ART;10;0;47.851
2022- P1;15.09.2022;2;OSR + WFB;1;3;17.549
2022- P1;15.09.2022;3;OSR;2;0;17.549
2022- P1;15.09.2022;3;OSR;3;0;17.549
2022- P1;15.09.2022;3;OSR;4;2;17.549
2022- P1;15.09.2022;3;OSR;5;2;17.549
2022- P1;15.09.2022;3;OSR;6;1;17.549
2022- P1;15.09.2022;3;OSR;7;0;17.549
2022- P1;15.09.2022;3;OSR;8;1;17.549
2022- P1;15.09.2022;3;OSR;9;0;17.549
2022- P1;15.09.2022;3;OSR;10;0;17.549
2022- P1;15.09.2022;3;OSR + WFB;1;7;25.506
2022- P1;15.09.2022;3;OSR + WFB;2;0;25.506
2022- P1;15.09.2022;3;OSR + WFB;3;0;25.506
2022- P1;15.09.2022;3;OSR + WFB;4;0;25.506
2022- P1;15.09.2022;3;OSR + WFB;5;0;25.506
2022- P1;15.09.2022;3;OSR + WFB;6;2;25.506
2022- P1;15.09.2022;3;OSR + WFB;7;0;25.506
2022- P1;15.09.2022;3;OSR + WFB;8;0;25.506
2022- P1;15.09.2022;3;OSR + WFB;9;0;25.506
2022- P1;15.09.2022;3;OSR + WFB;10;1;25.506
2022- P2;15.09.2022;1;OSR;1;9;4.5906
2022- P2;15.09.2022;1;OSR + ART;2;6;4.5906
2022- P2;15.09.2022;1;OSR + ART;3;9;4.5906
2022- P2;15.09.2022;1;OSR + ART;4;17;4.5906
2022- P2;15.09.2022;1;OSR + ART;5;28;4.5906
2022- P2;15.09.2022;1;OSR + ART;6;7;4.5906
2022- P2;15.09.2022;1;OSR + ART;7;2;4.5906
2022- P2;15.09.2022;1;OSR + ART;8;3;4.5906
2022- P2;15.09.2022;1;OSR + ART;9;0;4.5906
2022- P2;15.09.2022;1;OSR + ART;10;2;4.5906
2022- P2;15.09.2022;2;OSR;1;50;4.1534
2022- P2;15.09.2022;1;OSR + SFB;2;21;4.1534
2022- P2;15.09.2022;1;OSR + SFB;3;0;4.1534
2022- P2;15.09.2022;1;OSR + SFB;4;50;4.1534
2022- P2;15.09.2022;1;OSR + SFB;5;42;4.1534
2022- P2;15.09.2022;1;OSR + SFB;6;16;4.1534
2022- P2;15.09.2022;1;OSR + SFB;7;25;4.1534
2022- P2;15.09.2022;1;OSR + SFB;8;13;4.1534
2022- P2;15.09.2022;1;OSR + SFB;9;0;4.1534
2022- P2;15.09.2022;1;OSR + SFB;10;35;4.1534
2022- P2;15.09.2022;3;OSR;1;6;1.6395
2022- P2;15.09.2022;1;OSR;2;7;1.6395
2022- P2;15.09.2022;1;OSR;3;11;1.6395
2022- P2;15.09.2022;1;OSR;4;6;1.6395
2022- P2;15.09.2022;1;OSR;5;23;1.6395
2022- P2;15.09.2022;1;OSR;6;12;1.6395
2022- P2;15.09.2022;1;OSR;7;31;1.6395
2022- P2;15.09.2022;1;OSR;8;14;1.6395
2022- P2;15.09.2022;1;OSR;9;17;1.6395
2022- P2;15.09.2022;1;OSR;10;9;1.6395
2022- P2;15.09.2022;1;OSR + ART;1;4;15.151
2022- P2;15.09.2022;2;OSR + SFB;2;50;15.151
2022- P2;15.09.2022;2;OSR + SFB;3;26;15.151
2022- P2;15.09.2022;2;OSR + SFB;4;50;15.151
2022- P2;15.09.2022;2;OSR + SFB;5;50;15.151
2022- P2;15.09.2022;2;OSR + SFB;6;50;15.151
2022- P2;15.09.2022;2;OSR + SFB;7;46;15.151
2022- P2;15.09.2022;2;OSR + SFB;8;50;15.151
2022- P2;15.09.2022;2;OSR + SFB;9;31;15.151
2022- P2;15.09.2022;2;OSR + SFB;10;18;15.151
2022- P2;15.09.2022;2;OSR + ART;1;50;10.9
2022- P2;15.09.2022;2;OSR + ART;2;4;10.9
2022- P2;15.09.2022;2;OSR + ART;3;6;10.9
2022- P2;15.09.2022;2;OSR + ART;4;13;10.9
2022- P2;15.09.2022;2;OSR + ART;5;50;10.9
2022- P2;15.09.2022;2;OSR + ART;6;50;10.9
2022- P2;15.09.2022;2;OSR + ART;7;5;10.9
2022- P2;15.09.2022;2;OSR + ART;8;8;10.9
2022- P2;15.09.2022;2;OSR + ART;9;13;10.9
2022- P2;15.09.2022;2;OSR + ART;10;50;10.9
2022- P2;15.09.2022;3;OSR + ART;1;31;16.132
2022- P2;15.09.2022;1;OSR + WFB;2;50;16.132
2022- P2;15.09.2022;1;OSR + WFB;3;40;16.132
2022- P2;15.09.2022;1;OSR + WFB;4;11;16.132
2022- P2;15.09.2022;1;OSR + WFB;5;16;16.132
2022- P2;15.09.2022;1;OSR + WFB;6;14;16.132
2022- P2;15.09.2022;1;OSR + WFB;7;12;16.132
2022- P2;15.09.2022;1;OSR + WFB;8;16;16.132
2022- P2;15.09.2022;1;OSR + WFB;9;5;16.132
2022- P2;15.09.2022;1;OSR + WFB;10;12;16.132
2022- P2;15.09.2022;1;OSR + SFB;1;4;10.1649
2022- P2;15.09.2022;2;OSR;2;50;10.1649
2022- P2;15.09.2022;2;OSR;3;21;10.1649
2022- P2;15.09.2022;2;OSR;4;36;10.1649
2022- P2;15.09.2022;2;OSR;5;31;10.1649
2022- P2;15.09.2022;2;OSR;6;16;10.1649
2022- P2;15.09.2022;2;OSR;7;6;10.1649
2022- P2;15.09.2022;2;OSR;8;50;10.1649
2022- P2;15.09.2022;2;OSR;9;50;10.1649
2022- P2;15.09.2022;2;OSR;10;50;10.1649
2022- P2;15.09.2022;2;OSR + SFB;1;16;13.7718
2022- P2;15.09.2022;2;OSR + WFB;2;21;13.7718
2022- P2;15.09.2022;2;OSR + WFB;3;12;13.7718
2022- P2;15.09.2022;2;OSR + WFB;4;6;13.7718
2022- P2;15.09.2022;2;OSR + WFB;5;5;13.7718
2022- P2;15.09.2022;2;OSR + WFB;6;1;13.7718
2022- P2;15.09.2022;2;OSR + WFB;7;26;13.7718
2022- P2;15.09.2022;2;OSR + WFB;8;50;13.7718
2022- P2;15.09.2022;2;OSR + WFB;9;8;13.7718
2022- P2;15.09.2022;2;OSR + WFB;10;3;13.7718
2022- P2;15.09.2022;3;OSR + SFB;1;1;9.6184
2022- P2;15.09.2022;3;OSR + ART;2;50;9.6184
2022- P2;15.09.2022;3;OSR + ART;3;50;9.6184
2022- P2;15.09.2022;3;OSR + ART;4;50;9.6184
2022- P2;15.09.2022;3;OSR + ART;5;15;9.6184
2022- P2;15.09.2022;3;OSR + ART;6;12;9.6184
2022- P2;15.09.2022;3;OSR + ART;7;8;9.6184
2022- P2;15.09.2022;3;OSR + ART;8;26;9.6184
2022- P2;15.09.2022;3;OSR + ART;9;32;9.6184
2022- P2;15.09.2022;3;OSR + ART;10;11;9.6184
2022- P2;15.09.2022;1;OSR + WFB;1;50;12.4602
2022- P2;15.09.2022;3;OSR + WFB;2;50;12.4602
2022- P2;15.09.2022;3;OSR + WFB;3;50;12.4602
2022- P2;15.09.2022;3;OSR + WFB;4;50;12.4602
2022- P2;15.09.2022;3;OSR + WFB;5;5;12.4602
2022- P2;15.09.2022;3;OSR + WFB;6;50;12.4602
2022- P2;15.09.2022;3;OSR + WFB;7;38;12.4602
2022- P2;15.09.2022;3;OSR + WFB;8;12;12.4602
2022- P2;15.09.2022;3;OSR + WFB;9;7;12.4602
2022- P2;15.09.2022;3;OSR + WFB;10;8;12.4602
2022- P2;15.09.2022;2;OSR + WFB;1;50;25.3576
2022- P2;15.09.2022;3;OSR;2;0;25.3576
2022- P2;15.09.2022;3;OSR;3;4;25.3576
2022- P2;15.09.2022;3;OSR;4;12;25.3576
2022- P2;15.09.2022;3;OSR;5;5;25.3576
2022- P2;15.09.2022;3;OSR;6;2;25.3576
2022- P2;15.09.2022;3;OSR;7;3;25.3576
2022- P2;15.09.2022;3;OSR;8;0;25.3576
2022- P2;15.09.2022;3;OSR;9;6;25.3576
2022- P2;15.09.2022;3;OSR;10;0;25.3576
2022- P2;15.09.2022;3;OSR + WFB;1;50;13.5532
2022- P2;15.09.2022;3;OSR + SFB;2;0;13.5532
2022- P2;15.09.2022;3;OSR + SFB;3;1;13.5532
2022- P2;15.09.2022;3;OSR + SFB;4;4;13.5532
2022- P2;15.09.2022;3;OSR + SFB;5;0;13.5532
2022- P2;15.09.2022;3;OSR + SFB;6;50;13.5532
2022- P2;15.09.2022;3;OSR + SFB;7;32;13.5532
2022- P2;15.09.2022;3;OSR + SFB;8;15;13.5532
2022- P2;15.09.2022;3;OSR + SFB;9;5;13.5532
2022- P2;15.09.2022;3;OSR + SFB;10;21;13.5532
2022- P1;22.09.2022;1;OSR;1;12;27.904
2022- P1;22.09.2022;1;OSR;2;17;27.904
2022- P1;22.09.2022;1;OSR;3;8;27.904
2022- P1;22.09.2022;1;OSR;4;10;27.904
2022- P1;22.09.2022;1;OSR;5;8;27.904
2022- P1;22.09.2022;1;OSR;6;0;27.904
2022- P1;22.09.2022;1;OSR;7;0;27.904
2022- P1;22.09.2022;1;OSR;8;1;27.904
2022- P1;22.09.2022;1;OSR;9;5;27.904
2022- P1;22.09.2022;1;OSR;10;4;27.904
2022- P1;22.09.2022;1;OSR + WFB;1;13;15.369
2022- P1;22.09.2022;1;OSR + WFB;2;3;15.369
2022- P1;22.09.2022;1;OSR + WFB;3;11;15.369
2022- P1;22.09.2022;1;OSR + WFB;4;1;15.369
2022- P1;22.09.2022;1;OSR + WFB;5;0;15.369
2022- P1;22.09.2022;1;OSR + WFB;6;1;15.369
2022- P1;22.09.2022;1;OSR + WFB;7;4;15.369
2022- P1;22.09.2022;1;OSR + WFB;8;9;15.369
2022- P1;22.09.2022;1;OSR + WFB;9;0;15.369
2022- P1;22.09.2022;1;OSR + WFB;10;0;15.369
2022- P1;22.09.2022;1;OSR + ART;1;12;16.895
2022- P1;22.09.2022;1;OSR + ART;2;3;16.895
2022- P1;22.09.2022;1;OSR + ART;3;2;16.895
2022- P1;22.09.2022;1;OSR + ART;4;4;16.895
2022- P1;22.09.2022;1;OSR + ART;5;3;16.895
2022- P1;22.09.2022;1;OSR + ART;6;13;16.895
2022- P1;22.09.2022;1;OSR + ART;7;2;16.895
2022- P1;22.09.2022;1;OSR + ART;8;10;16.895
2022- P1;22.09.2022;1;OSR + ART;9;8;16.895
2022- P1;22.09.2022;1;OSR + ART;10;6;16.895
2022- P1;22.09.2022;2;OSR;1;8;21.909
2022- P1;22.09.2022;2;OSR;2;4;21.909
2022- P1;22.09.2022;2;OSR;3;1;21.909
2022- P1;22.09.2022;2;OSR;4;0;21.909
2022- P1;22.09.2022;2;OSR;5;4;21.909
2022- P1;22.09.2022;2;OSR;6;1;21.909
2022- P1;22.09.2022;2;OSR;7;2;21.909
2022- P1;22.09.2022;2;OSR;8;2;21.909
2022- P1;22.09.2022;2;OSR;9;5;21.909
2022- P1;22.09.2022;2;OSR;10;2;21.909
2022- P1;22.09.2022;2;OSR + ART;1;2;13.298
2022- P1;22.09.2022;2;OSR + ART;2;2;13.298
2022- P1;22.09.2022;2;OSR + ART;3;5;13.298
2022- P1;22.09.2022;2;OSR + ART;4;7;13.298
2022- P1;22.09.2022;2;OSR + ART;5;10;13.298
2022- P1;22.09.2022;2;OSR + ART;6;3;13.298
2022- P1;22.09.2022;2;OSR + ART;7;0;13.298
2022- P1;22.09.2022;2;OSR + ART;8;31;13.298
2022- P1;22.09.2022;2;OSR + ART;9;7;13.298
2022- P1;22.09.2022;2;OSR + ART;10;3;13.298
2022- P1;22.09.2022;2;OSR + WFB;1;29;37.496
2022- P1;22.09.2022;2;OSR + WFB;2;0;37.496
2022- P1;22.09.2022;2;OSR + WFB;3;3;37.496
2022- P1;22.09.2022;2;OSR + WFB;4;5;37.496
2022- P1;22.09.2022;2;OSR + WFB;5;22;37.496
2022- P1;22.09.2022;2;OSR + WFB;6;0;37.496
2022- P1;22.09.2022;2;OSR + WFB;7;0;37.496
2022- P1;22.09.2022;2;OSR + WFB;8;4;37.496
2022- P1;22.09.2022;2;OSR + WFB;9;5;37.496
2022- P1;22.09.2022;2;OSR + WFB;10;7;37.496
2022- P1;22.09.2022;3;OSR + ART;1;19;47.851
2022- P1;22.09.2022;3;OSR + ART;2;24;47.851
2022- P1;22.09.2022;3;OSR + ART;3;2;47.851
2022- P1;22.09.2022;3;OSR + ART;4;11;47.851
2022- P1;22.09.2022;3;OSR + ART;5;5;47.851
2022- P1;22.09.2022;3;OSR + ART;6;4;47.851
2022- P1;22.09.2022;3;OSR + ART;7;0;47.851
2022- P1;22.09.2022;3;OSR + ART;8;3;47.851
2022- P1;22.09.2022;3;OSR + ART;9;4;47.851
2022- P1;22.09.2022;3;OSR + ART;10;7;47.851
2022- P1;22.09.2022;3;OSR;1;11;17.549
2022- P1;22.09.2022;3;OSR;2;34;17.549
2022- P1;22.09.2022;3;OSR;3;20;17.549
2022- P1;22.09.2022;3;OSR;4;8;17.549
2022- P1;22.09.2022;3;OSR;5;6;17.549
2022- P1;22.09.2022;3;OSR;6;0;17.549
2022- P1;22.09.2022;3;OSR;7;12;17.549
2022- P1;22.09.2022;3;OSR;8;1;17.549
2022- P1;22.09.2022;3;OSR;9;5;17.549
2022- P1;22.09.2022;3;OSR;10;2;17.549
2022- P1;22.09.2022;3;OSR + WFB;1;1;25.506
2022- P1;22.09.2022;3;OSR + WFB;2;2;25.506
2022- P1;22.09.2022;3;OSR + WFB;3;13;25.506
2022- P1;22.09.2022;3;OSR + WFB;4;0;25.506
2022- P1;22.09.2022;3;OSR + WFB;5;7;25.506
2022- P1;22.09.2022;3;OSR + WFB;6;11;25.506
2022- P1;22.09.2022;3;OSR + WFB;7;0;25.506
2022- P1;22.09.2022;3;OSR + WFB;8;8;25.506
2022- P1;22.09.2022;3;OSR + WFB;9;0;25.506
2022- P1;22.09.2022;3;OSR + WFB;10;3;25.506
2022- P2;22.09.2022;1;OSR + ART;1;6;4.5906
2022- P2;22.09.2022;1;OSR + ART;2;7;4.5906
2022- P2;22.09.2022;1;OSR + ART;3;0;4.5906
2022- P2;22.09.2022;1;OSR + ART;4;23;4.5906
2022- P2;22.09.2022;1;OSR + ART;5;33;4.5906
2022- P2;22.09.2022;1;OSR + ART;6;20;4.5906
2022- P2;22.09.2022;1;OSR + ART;7;6;4.5906
2022- P2;22.09.2022;1;OSR + ART;8;7;4.5906
2022- P2;22.09.2022;1;OSR + ART;9;3;4.5906
2022- P2;22.09.2022;1;OSR + ART;10;0;4.5906
2022- P2;22.09.2022;1;OSR + SFB;1;4;4.1534
2022- P2;22.09.2022;1;OSR + SFB;2;8;4.1534
2022- P2;22.09.2022;1;OSR + SFB;3;10;4.1534
2022- P2;22.09.2022;1;OSR + SFB;4;15;4.1534
2022- P2;22.09.2022;1;OSR + SFB;5;17;4.1534
2022- P2;22.09.2022;1;OSR + SFB;6;14;4.1534
2022- P2;22.09.2022;1;OSR + SFB;7;9;4.1534
2022- P2;22.09.2022;1;OSR + SFB;8;5;4.1534
2022- P2;22.09.2022;1;OSR + SFB;9;12;4.1534
2022- P2;22.09.2022;1;OSR + SFB;10;25;4.1534
2022- P2;22.09.2022;1;OSR;1;2;1.6395
2022- P2;22.09.2022;1;OSR;2;26;1.6395
2022- P2;22.09.2022;1;OSR;3;18;1.6395
2022- P2;22.09.2022;1;OSR;4;15;1.6395
2022- P2;22.09.2022;1;OSR;5;11;1.6395
2022- P2;22.09.2022;1;OSR;6;32;1.6395
2022- P2;22.09.2022;1;OSR;7;2;1.6395
2022- P2;22.09.2022;1;OSR;8;4;1.6395
2022- P2;22.09.2022;1;OSR;9;12;1.6395
2022- P2;22.09.2022;1;OSR;10;6;1.6395
2022- P2;22.09.2022;2;OSR + SFB;1;8;15.151
2022- P2;22.09.2022;2;OSR + SFB;2;3;15.151
2022- P2;22.09.2022;2;OSR + SFB;3;2;15.151
2022- P2;22.09.2022;2;OSR + SFB;4;9;15.151
2022- P2;22.09.2022;2;OSR + SFB;5;7;15.151
2022- P2;22.09.2022;2;OSR + SFB;6;3;15.151
2022- P2;22.09.2022;2;OSR + SFB;7;0;15.151
2022- P2;22.09.2022;2;OSR + SFB;8;2;15.151
2022- P2;22.09.2022;2;OSR + SFB;9;6;15.151
2022- P2;22.09.2022;2;OSR + SFB;10;7;15.151
2022- P2;22.09.2022;2;OSR + ART;1;2;10.9
2022- P2;22.09.2022;2;OSR + ART;2;0;10.9
2022- P2;22.09.2022;2;OSR + ART;3;10;10.9
2022- P2;22.09.2022;2;OSR + ART;4;12;10.9
2022- P2;22.09.2022;2;OSR + ART;5;41;10.9
2022- P2;22.09.2022;2;OSR + ART;6;18;10.9
2022- P2;22.09.2022;2;OSR + ART;7;14;10.9
2022- P2;22.09.2022;2;OSR + ART;8;5;10.9
2022- P2;22.09.2022;2;OSR + ART;9;15;10.9
2022- P2;22.09.2022;2;OSR + ART;10;3;10.9
2022- P2;22.09.2022;1;OSR + WFB;1;10;16.132
2022- P2;22.09.2022;1;OSR + WFB;2;8;16.132
2022- P2;22.09.2022;1;OSR + WFB;3;7;16.132
2022- P2;22.09.2022;1;OSR + WFB;4;3;16.132
2022- P2;22.09.2022;1;OSR + WFB;5;21;16.132
2022- P2;22.09.2022;1;OSR + WFB;6;32;16.132
2022- P2;22.09.2022;1;OSR + WFB;7;11;16.132
2022- P2;22.09.2022;1;OSR + WFB;8;16;16.132
2022- P2;22.09.2022;1;OSR + WFB;9;13;16.132
2022- P2;22.09.2022;1;OSR + WFB;10;8;16.132
2022- P2;22.09.2022;2;OSR;1;50;10.1649
2022- P2;22.09.2022;2;OSR;2;50;10.1649
2022- P2;22.09.2022;2;OSR;3;42;10.1649
2022- P2;22.09.2022;2;OSR;4;11;10.1649
2022- P2;22.09.2022;2;OSR;5;31;10.1649
2022- P2;22.09.2022;2;OSR;6;22;10.1649
2022- P2;22.09.2022;2;OSR;7;12;10.1649
2022- P2;22.09.2022;2;OSR;8;30;10.1649
2022- P2;22.09.2022;2;OSR;9;26;10.1649
2022- P2;22.09.2022;2;OSR;10;50;10.1649
2022- P2;22.09.2022;2;OSR + WFB;1;50;13.7718
2022- P2;22.09.2022;2;OSR + WFB;2;29;13.7718
2022- P2;22.09.2022;2;OSR + WFB;3;10;13.7718
2022- P2;22.09.2022;2;OSR + WFB;4;6;13.7718
2022- P2;22.09.2022;2;OSR + WFB;5;22;13.7718
2022- P2;22.09.2022;2;OSR + WFB;6;50;13.7718
2022- P2;22.09.2022;2;OSR + WFB;7;6;13.7718
2022- P2;22.09.2022;2;OSR + WFB;8;5;13.7718
2022- P2;22.09.2022;2;OSR + WFB;9;7;13.7718
2022- P2;22.09.2022;2;OSR + WFB;10;34;13.7718
2022- P2;22.09.2022;3;OSR + ART;1;39;9.6184
2022- P2;22.09.2022;3;OSR + ART;2;35;9.6184
2022- P2;22.09.2022;3;OSR + ART;3;21;9.6184
2022- P2;22.09.2022;3;OSR + ART;4;50;9.6184
2022- P2;22.09.2022;3;OSR + ART;5;8;9.6184
2022- P2;22.09.2022;3;OSR + ART;6;11;9.6184
2022- P2;22.09.2022;3;OSR + ART;7;2;9.6184
2022- P2;22.09.2022;3;OSR + ART;8;16;9.6184
2022- P2;22.09.2022;3;OSR + ART;9;21;9.6184
2022- P2;22.09.2022;3;OSR + ART;10;10;9.6184
2022- P2;22.09.2022;3;OSR + WFB;1;0;12.4602
2022- P2;22.09.2022;3;OSR + WFB;2;13;12.4602
2022- P2;22.09.2022;3;OSR + WFB;3;11;12.4602
2022- P2;22.09.2022;3;OSR + WFB;4;6;12.4602
2022- P2;22.09.2022;3;OSR + WFB;5;2;12.4602
2022- P2;22.09.2022;3;OSR + WFB;6;2;12.4602
2022- P2;22.09.2022;3;OSR + WFB;7;12;12.4602
2022- P2;22.09.2022;3;OSR + WFB;8;6;12.4602
2022- P2;22.09.2022;3;OSR + WFB;9;18;12.4602
2022- P2;22.09.2022;3;OSR + WFB;10;21;12.4602
2022- P2;22.09.2022;3;OSR;1;2;25.3576
2022- P2;22.09.2022;3;OSR;2;11;25.3576
2022- P2;22.09.2022;3;OSR;3;5;25.3576
2022- P2;22.09.2022;3;OSR;4;12;25.3576
2022- P2;22.09.2022;3;OSR;5;0;25.3576
2022- P2;22.09.2022;3;OSR;6;4;25.3576
2022- P2;22.09.2022;3;OSR;7;2;25.3576
2022- P2;22.09.2022;3;OSR;8;18;25.3576
2022- P2;22.09.2022;3;OSR;9;0;25.3576
2022- P2;22.09.2022;3;OSR;10;14;25.3576
2022- P2;22.09.2022;3;OSR + SFB;1;1;13.5532
2022- P2;22.09.2022;3;OSR + SFB;2;3;13.5532
2022- P2;22.09.2022;3;OSR + SFB;3;6;13.5532
2022- P2;22.09.2022;3;OSR + SFB;4;4;13.5532
2022- P2;22.09.2022;3;OSR + SFB;5;12;13.5532
2022- P2;22.09.2022;3;OSR + SFB;6;1;13.5532
2022- P2;22.09.2022;3;OSR + SFB;7;2;13.5532
2022- P2;22.09.2022;3;OSR + SFB;8;2;13.5532
2022- P2;22.09.2022;3;OSR + SFB;9;8;13.5532
2022- P2;22.09.2022;3;OSR + SFB;10;5;13.5532
2023- P3;11.09.2023;1;OSR;1;10;19.7833
2023- P3;11.09.2023;1;OSR + ART;2;2;19.7833
2023- P3;11.09.2023;1;OSR + ART;3;4;19.7833
2023- P3;11.09.2023;1;OSR + ART;4;1;19.7833
2023- P3;11.09.2023;1;OSR + ART;5;3;19.7833
2023- P3;11.09.2023;1;OSR + ART;6;11;19.7833
2023- P3;11.09.2023;1;OSR + ART;7;2;19.7833
2023- P3;11.09.2023;1;OSR + ART;8;13;19.7833
2023- P3;11.09.2023;1;OSR + ART;9;10;19.7833
2023- P3;11.09.2023;1;OSR + ART;10;10;19.7833
2023- P3;11.09.2023;1;OSR + ART;11;2;19.7833
2023- P3;11.09.2023;1;OSR + ART;12;30;19.7833
2023- P3;11.09.2023;1;OSR + ART;13;4;19.7833
2023- P3;11.09.2023;1;OSR + ART;14;0;19.7833
2023- P3;11.09.2023;1;OSR + ART;15;5;19.7833
2023- P3;11.09.2023;1;OSR + ART;16;4;19.7833
2023- P3;11.09.2023;1;OSR + ART;17;1;19.7833
2023- P3;11.09.2023;1;OSR + ART;18;0;19.7833
2023- P3;11.09.2023;1;OSR + ART;19;3;19.7833
2023- P3;11.09.2023;1;OSR + ART;20;4;19.7833
2023- P3;11.09.2023;2;OSR;1;31;32.1342
2023- P3;11.09.2023;1;OSR + SFB;2;14;32.1342
2023- P3;11.09.2023;1;OSR + SFB;3;15;32.1342
2023- P3;11.09.2023;1;OSR + SFB;4;0;32.1342
2023- P3;11.09.2023;1;OSR + SFB;5;0;32.1342
2023- P3;11.09.2023;1;OSR + SFB;6;0;32.1342
2023- P3;11.09.2023;1;OSR + SFB;7;2;32.1342
2023- P3;11.09.2023;1;OSR + SFB;8;2;32.1342
2023- P3;11.09.2023;1;OSR + SFB;9;5;32.1342
2023- P3;11.09.2023;1;OSR + SFB;10;1;32.1342
2023- P3;11.09.2023;1;OSR + SFB;11;0;32.1342
2023- P3;11.09.2023;1;OSR + SFB;12;8;32.1342
2023- P3;11.09.2023;1;OSR + SFB;13;2;32.1342
2023- P3;11.09.2023;1;OSR + SFB;14;5;32.1342
2023- P3;11.09.2023;1;OSR + SFB;15;1;32.1342
2023- P3;11.09.2023;1;OSR + SFB;16;11;32.1342
2023- P3;11.09.2023;1;OSR + SFB;17;1;32.1342
2023- P3;11.09.2023;1;OSR + SFB;18;1;32.1342
2023- P3;11.09.2023;1;OSR + SFB;19;0;32.1342
2023- P3;11.09.2023;1;OSR + SFB;20;0;32.1342
2023- P3;11.09.2023;3;OSR;1;37;10.0556
2023- P3;11.09.2023;1;OSR;2;34;10.0556
2023- P3;11.09.2023;1;OSR;3;7;10.0556
2023- P3;11.09.2023;1;OSR;4;2;10.0556
2023- P3;11.09.2023;1;OSR;5;6;10.0556
2023- P3;11.09.2023;1;OSR;6;14;10.0556
2023- P3;11.09.2023;1;OSR;7;16;10.0556
2023- P3;11.09.2023;1;OSR;8;17;10.0556
2023- P3;11.09.2023;1;OSR;9;10;10.0556
2023- P3;11.09.2023;1;OSR;10;1;10.0556
2023- P3;11.09.2023;1;OSR;11;5;10.0556
2023- P3;11.09.2023;1;OSR;12;3;10.0556
2023- P3;11.09.2023;1;OSR;13;10;10.0556
2023- P3;11.09.2023;1;OSR;14;10;10.0556
2023- P3;11.09.2023;1;OSR;15;18;10.0556
2023- P3;11.09.2023;1;OSR;16;33;10.0556
2023- P3;11.09.2023;1;OSR;17;50;10.0556
2023- P3;11.09.2023;1;OSR;18;10;10.0556
2023- P3;11.09.2023;1;OSR;19;30;10.0556
2023- P3;11.09.2023;1;OSR;20;13;10.0556
2023- P3;11.09.2023;4;OSR;1;19;13.5532
2023- P3;11.09.2023;1;OSR + WFB;2;3;13.5532
2023- P3;11.09.2023;1;OSR + WFB;3;9;13.5532
2023- P3;11.09.2023;1;OSR + WFB;4;5;13.5532
2023- P3;11.09.2023;1;OSR + WFB;5;2;13.5532
2023- P3;11.09.2023;1;OSR + WFB;6;25;13.5532
2023- P3;11.09.2023;1;OSR + WFB;7;4;13.5532
2023- P3;11.09.2023;1;OSR + WFB;8;13;13.5532
2023- P3;11.09.2023;1;OSR + WFB;9;7;13.5532
2023- P3;11.09.2023;1;OSR + WFB;10;2;13.5532
2023- P3;11.09.2023;1;OSR + WFB;11;8;13.5532
2023- P3;11.09.2023;1;OSR + WFB;12;4;13.5532
2023- P3;11.09.2023;1;OSR + WFB;13;50;13.5532
2023- P3;11.09.2023;1;OSR + WFB;14;15;13.5532
2023- P3;11.09.2023;1;OSR + WFB;15;22;13.5532
2023- P3;11.09.2023;1;OSR + WFB;16;4;13.5532
2023- P3;11.09.2023;1;OSR + WFB;17;1;13.5532
2023- P3;11.09.2023;1;OSR + WFB;18;8;13.5532
2023- P3;11.09.2023;1;OSR + WFB;19;10;13.5532
2023- P3;11.09.2023;1;OSR + WFB;20;2;13.5532
2023- P3;11.09.2023;5;OSR;1;6;17.0508
2023- P3;11.09.2023;2;OSR;2;50;17.0508
2023- P3;11.09.2023;2;OSR;3;8;17.0508
2023- P3;11.09.2023;2;OSR;4;14;17.0508
2023- P3;11.09.2023;2;OSR;5;29;17.0508
2023- P3;11.09.2023;2;OSR;6;15;17.0508
2023- P3;11.09.2023;2;OSR;7;17;17.0508
2023- P3;11.09.2023;2;OSR;8;13;17.0508
2023- P3;11.09.2023;2;OSR;9;11;17.0508
2023- P3;11.09.2023;2;OSR;10;32;17.0508
2023- P3;11.09.2023;2;OSR;11;50;17.0508
2023- P3;11.09.2023;2;OSR;12;32;17.0508
2023- P3;11.09.2023;2;OSR;13;24;17.0508
2023- P3;11.09.2023;2;OSR;14;13;17.0508
2023- P3;11.09.2023;2;OSR;15;28;17.0508
2023- P3;11.09.2023;2;OSR;16;35;17.0508
2023- P3;11.09.2023;2;OSR;17;11;17.0508
2023- P3;11.09.2023;2;OSR;18;14;17.0508
2023- P3;11.09.2023;2;OSR;19;27;17.0508
2023- P3;11.09.2023;2;OSR;20;22;17.0508
2023- P3;11.09.2023;6;OSR;1;8;6.7766
2023- P3;11.09.2023;2;OSR + ART;2;13;6.7766
2023- P3;11.09.2023;2;OSR + ART;3;12;6.7766
2023- P3;11.09.2023;2;OSR + ART;4;3;6.7766
2023- P3;11.09.2023;2;OSR + ART;5;7;6.7766
2023- P3;11.09.2023;2;OSR + ART;6;13;6.7766
2023- P3;11.09.2023;2;OSR + ART;7;25;6.7766
2023- P3;11.09.2023;2;OSR + ART;8;32;6.7766
2023- P3;11.09.2023;2;OSR + ART;9;21;6.7766
2023- P3;11.09.2023;2;OSR + ART;10;17;6.7766
2023- P3;11.09.2023;2;OSR + ART;11;18;6.7766
2023- P3;11.09.2023;2;OSR + ART;12;26;6.7766
2023- P3;11.09.2023;2;OSR + ART;13;17;6.7766
2023- P3;11.09.2023;2;OSR + ART;14;20;6.7766
2023- P3;11.09.2023;2;OSR + ART;15;8;6.7766
2023- P3;11.09.2023;2;OSR + ART;16;7;6.7766
2023- P3;11.09.2023;2;OSR + ART;17;15;6.7766
2023- P3;11.09.2023;2;OSR + ART;18;22;6.7766
2023- P3;11.09.2023;2;OSR + ART;19;50;6.7766
2023- P3;11.09.2023;2;OSR + ART;20;13;6.7766
2023- P3;11.09.2023;1;OSR + ART;1;0;16.459
2023- P3;11.09.2023;2;OSR + SFB;2;5;16.459
2023- P3;11.09.2023;2;OSR + SFB;3;1;16.459
2023- P3;11.09.2023;2;OSR + SFB;4;1;16.459
2023- P3;11.09.2023;2;OSR + SFB;5;10;16.459
2023- P3;11.09.2023;2;OSR + SFB;6;5;16.459
2023- P3;11.09.2023;2;OSR + SFB;7;10;16.459
2023- P3;11.09.2023;2;OSR + SFB;8;21;16.459
2023- P3;11.09.2023;2;OSR + SFB;9;9;16.459
2023- P3;11.09.2023;2;OSR + SFB;10;9;16.459
2023- P3;11.09.2023;2;OSR + SFB;11;14;16.459
2023- P3;11.09.2023;2;OSR + SFB;12;34;16.459
2023- P3;11.09.2023;2;OSR + SFB;13;38;16.459
2023- P3;11.09.2023;2;OSR + SFB;14;8;16.459
2023- P3;11.09.2023;2;OSR + SFB;15;2;16.459
2023- P3;11.09.2023;2;OSR + SFB;16;32;16.459
2023- P3;11.09.2023;2;OSR + SFB;17;11;16.459
2023- P3;11.09.2023;2;OSR + SFB;18;2;16.459
2023- P3;11.09.2023;2;OSR + SFB;19;11;16.459
2023- P3;11.09.2023;2;OSR + SFB;20;5;16.459
2023- P3;11.09.2023;2;OSR + ART;1;20;22.999
2023- P3;11.09.2023;2;OSR + WFB;2;2;22.999
2023- P3;11.09.2023;2;OSR + WFB;3;0;22.999
2023- P3;11.09.2023;2;OSR + WFB;4;0;22.999
2023- P3;11.09.2023;2;OSR + WFB;5;10;22.999
2023- P3;11.09.2023;2;OSR + WFB;6;14;22.999
2023- P3;11.09.2023;2;OSR + WFB;7;3;22.999
2023- P3;11.09.2023;2;OSR + WFB;8;8;22.999
2023- P3;11.09.2023;2;OSR + WFB;9;15;22.999
2023- P3;11.09.2023;2;OSR + WFB;10;5;22.999
2023- P3;11.09.2023;2;OSR + WFB;11;12;22.999
2023- P3;11.09.2023;2;OSR + WFB;12;1;22.999
2023- P3;11.09.2023;2;OSR + WFB;13;6;22.999
2023- P3;11.09.2023;2;OSR + WFB;14;4;22.999
2023- P3;11.09.2023;2;OSR + WFB;15;4;22.999
2023- P3;11.09.2023;2;OSR + WFB;16;42;22.999
2023- P3;11.09.2023;2;OSR + WFB;17;0;22.999
2023- P3;11.09.2023;2;OSR + WFB;18;3;22.999
2023- P3;11.09.2023;2;OSR + WFB;19;10;22.999
2023- P3;11.09.2023;2;OSR + WFB;20;16;22.999
2023- P3;11.09.2023;3;OSR + ART;1;29;17.113
2023- P3;11.09.2023;3;OSR;2;15;17.113
2023- P3;11.09.2023;3;OSR;3;8;17.113
2023- P3;11.09.2023;3;OSR;4;12;17.113
2023- P3;11.09.2023;3;OSR;5;29;17.113
2023- P3;11.09.2023;3;OSR;6;0;17.113
2023- P3;11.09.2023;3;OSR;7;17;17.113
2023- P3;11.09.2023;3;OSR;8;4;17.113
2023- P3;11.09.2023;3;OSR;9;16;17.113
2023- P3;11.09.2023;3;OSR;10;19;17.113
2023- P3;11.09.2023;3;OSR;11;9;17.113
2023- P3;11.09.2023;3;OSR;12;2;17.113
2023- P3;11.09.2023;3;OSR;13;17;17.113
2023- P3;11.09.2023;3;OSR;14;37;17.113
2023- P3;11.09.2023;3;OSR;15;10;17.113
2023- P3;11.09.2023;3;OSR;16;20;17.113
2023- P3;11.09.2023;3;OSR;17;50;17.113
2023- P3;11.09.2023;3;OSR;18;7;17.113
2023- P3;11.09.2023;3;OSR;19;12;17.113
2023- P3;11.09.2023;3;OSR;20;10;17.113
2023- P3;11.09.2023;4;OSR + ART;1;4;14.388
2023- P3;11.09.2023;3;OSR + WFB;2;0;14.388
2023- P3;11.09.2023;3;OSR + WFB;3;3;14.388
2023- P3;11.09.2023;3;OSR + WFB;4;2;14.388
2023- P3;11.09.2023;3;OSR + WFB;5;1;14.388
2023- P3;11.09.2023;3;OSR + WFB;6;0;14.388
2023- P3;11.09.2023;3;OSR + WFB;7;3;14.388
2023- P3;11.09.2023;3;OSR + WFB;8;18;14.388
2023- P3;11.09.2023;3;OSR + WFB;9;2;14.388
2023- P3;11.09.2023;3;OSR + WFB;10;0;14.388
2023- P3;11.09.2023;3;OSR + WFB;11;2;14.388
2023- P3;11.09.2023;3;OSR + WFB;12;6;14.388
2023- P3;11.09.2023;3;OSR + WFB;13;3;14.388
2023- P3;11.09.2023;3;OSR + WFB;14;9;14.388
2023- P3;11.09.2023;3;OSR + WFB;15;5;14.388
2023- P3;11.09.2023;3;OSR + WFB;16;10;14.388
2023- P3;11.09.2023;3;OSR + WFB;17;6;14.388
2023- P3;11.09.2023;3;OSR + WFB;18;1;14.388
2023- P3;11.09.2023;3;OSR + WFB;19;9;14.388
2023- P3;11.09.2023;3;OSR + WFB;20;11;14.388
2023- P3;11.09.2023;5;OSR + ART;1;7;17.222
2023- P3;11.09.2023;3;OSR + SFB;2;20;17.222
2023- P3;11.09.2023;3;OSR + SFB;3;22;17.222
2023- P3;11.09.2023;3;OSR + SFB;4;33;17.222
2023- P3;11.09.2023;3;OSR + SFB;5;20;17.222
2023- P3;11.09.2023;3;OSR + SFB;6;30;17.222
2023- P3;11.09.2023;3;OSR + SFB;7;14;17.222
2023- P3;11.09.2023;3;OSR + SFB;8;12;17.222
2023- P3;11.09.2023;3;OSR + SFB;9;23;17.222
2023- P3;11.09.2023;3;OSR + SFB;10;23;17.222
2023- P3;11.09.2023;3;OSR + SFB;11;32;17.222
2023- P3;11.09.2023;3;OSR + SFB;12;32;17.222
2023- P3;11.09.2023;3;OSR + SFB;13;40;17.222
2023- P3;11.09.2023;3;OSR + SFB;14;15;17.222
2023- P3;11.09.2023;3;OSR + SFB;15;13;17.222
2023- P3;11.09.2023;3;OSR + SFB;16;20;17.222
2023- P3;11.09.2023;3;OSR + SFB;17;17;17.222
2023- P3;11.09.2023;3;OSR + SFB;18;10;17.222
2023- P3;11.09.2023;3;OSR + SFB;19;26;17.222
2023- P3;11.09.2023;3;OSR + SFB;20;24;17.222
2023- P3;11.09.2023;6;OSR + ART;1;0;10.573
2023- P3;11.09.2023;3;OSR + ART;2;11;10.573
2023- P3;11.09.2023;3;OSR + ART;3;3;10.573
2023- P3;11.09.2023;3;OSR + ART;4;29;10.573
2023- P3;11.09.2023;3;OSR + ART;5;1;10.573
2023- P3;11.09.2023;3;OSR + ART;6;4;10.573
2023- P3;11.09.2023;3;OSR + ART;7;9;10.573
2023- P3;11.09.2023;3;OSR + ART;8;17;10.573
2023- P3;11.09.2023;3;OSR + ART;9;6;10.573
2023- P3;11.09.2023;3;OSR + ART;10;30;10.573
2023- P3;11.09.2023;3;OSR + ART;11;16;10.573
2023- P3;11.09.2023;3;OSR + ART;12;6;10.573
2023- P3;11.09.2023;3;OSR + ART;13;23;10.573
2023- P3;11.09.2023;3;OSR + ART;14;6;10.573
2023- P3;11.09.2023;3;OSR + ART;15;12;10.573
2023- P3;11.09.2023;3;OSR + ART;16;11;10.573
2023- P3;11.09.2023;3;OSR + ART;17;15;10.573
2023- P3;11.09.2023;3;OSR + ART;18;18;10.573
2023- P3;11.09.2023;3;OSR + ART;19;7;10.573
2023- P3;11.09.2023;3;OSR + ART;20;7;10.573
2023- P3;11.09.2023;1;OSR + SFB;1;0;16.7229
2023- P3;11.09.2023;4;OSR + SFB;2;2;16.7229
2023- P3;11.09.2023;4;OSR + SFB;3;4;16.7229
2023- P3;11.09.2023;4;OSR + SFB;4;15;16.7229
2023- P3;11.09.2023;4;OSR + SFB;5;0;16.7229
2023- P3;11.09.2023;4;OSR + SFB;6;2;16.7229
2023- P3;11.09.2023;4;OSR + SFB;7;2;16.7229
2023- P3;11.09.2023;4;OSR + SFB;8;3;16.7229
2023- P3;11.09.2023;4;OSR + SFB;9;7;16.7229
2023- P3;11.09.2023;4;OSR + SFB;10;1;16.7229
2023- P3;11.09.2023;4;OSR + SFB;11;0;16.7229
2023- P3;11.09.2023;4;OSR + SFB;12;8;16.7229
2023- P3;11.09.2023;4;OSR + SFB;13;4;16.7229
2023- P3;11.09.2023;4;OSR + SFB;14;16;16.7229
2023- P3;11.09.2023;4;OSR + SFB;15;4;16.7229
2023- P3;11.09.2023;4;OSR + SFB;16;11;16.7229
2023- P3;11.09.2023;4;OSR + SFB;17;1;16.7229
2023- P3;11.09.2023;4;OSR + SFB;18;2;16.7229
2023- P3;11.09.2023;4;OSR + SFB;19;11;16.7229
2023- P3;11.09.2023;4;OSR + SFB;20;5;16.7229
2023- P3;11.09.2023;2;OSR + SFB;1;4;22.5158
2023- P3;11.09.2023;4;OSR + WFB;2;4;22.5158
2023- P3;11.09.2023;4;OSR + WFB;3;10;22.5158
2023- P3;11.09.2023;4;OSR + WFB;4;3;22.5158
2023- P3;11.09.2023;4;OSR + WFB;5;5;22.5158
2023- P3;11.09.2023;4;OSR + WFB;6;4;22.5158
2023- P3;11.09.2023;4;OSR + WFB;7;30;22.5158
2023- P3;11.09.2023;4;OSR + WFB;8;6;22.5158
2023- P3;11.09.2023;4;OSR + WFB;9;6;22.5158
2023- P3;11.09.2023;4;OSR + WFB;10;5;22.5158
2023- P3;11.09.2023;4;OSR + WFB;11;10;22.5158
2023- P3;11.09.2023;4;OSR + WFB;12;8;22.5158
2023- P3;11.09.2023;4;OSR + WFB;13;21;22.5158
2023- P3;11.09.2023;4;OSR + WFB;14;11;22.5158
2023- P3;11.09.2023;4;OSR + WFB;15;16;22.5158
2023- P3;11.09.2023;4;OSR + WFB;16;14;22.5158
2023- P3;11.09.2023;4;OSR + WFB;17;6;22.5158
2023- P3;11.09.2023;4;OSR + WFB;18;2;22.5158
2023- P3;11.09.2023;4;OSR + WFB;19;4;22.5158
2023- P3;11.09.2023;4;OSR + WFB;20;3;22.5158
2023- P3;11.09.2023;3;OSR + SFB;1;14;16.8322
2023- P3;11.09.2023;4;OSR;2;11;16.8322
2023- P3;11.09.2023;4;OSR;3;7;16.8322
2023- P3;11.09.2023;4;OSR;4;8;16.8322
2023- P3;11.09.2023;4;OSR;5;7;16.8322
2023- P3;11.09.2023;4;OSR;6;8;16.8322
2023- P3;11.09.2023;4;OSR;7;14;16.8322
2023- P3;11.09.2023;4;OSR;8;6;16.8322
2023- P3;11.09.2023;4;OSR;9;3;16.8322
2023- P3;11.09.2023;4;OSR;10;15;16.8322
2023- P3;11.09.2023;4;OSR;11;8;16.8322
2023- P3;11.09.2023;4;OSR;12;13;16.8322
2023- P3;11.09.2023;4;OSR;13;9;16.8322
2023- P3;11.09.2023;4;OSR;14;5;16.8322
2023- P3;11.09.2023;4;OSR;15;16;16.8322
2023- P3;11.09.2023;4;OSR;16;9;16.8322
2023- P3;11.09.2023;4;OSR;17;10;16.8322
2023- P3;11.09.2023;4;OSR;18;14;16.8322
2023- P3;11.09.2023;4;OSR;19;22;16.8322
2023- P3;11.09.2023;4;OSR;20;13;16.8322
2023- P3;11.09.2023;4;OSR + SFB;1;2;29.4017
2023- P3;11.09.2023;4;OSR + ART;2;2;29.4017
2023- P3;11.09.2023;4;OSR + ART;3;3;29.4017
2023- P3;11.09.2023;4;OSR + ART;4;9;29.4017
2023- P3;11.09.2023;4;OSR + ART;5;6;29.4017
2023- P3;11.09.2023;4;OSR + ART;6;23;29.4017
2023- P3;11.09.2023;4;OSR + ART;7;6;29.4017
2023- P3;11.09.2023;4;OSR + ART;8;16;29.4017
2023- P3;11.09.2023;4;OSR + ART;9;9;29.4017
2023- P3;11.09.2023;4;OSR + ART;10;21;29.4017
2023- P3;11.09.2023;4;OSR + ART;11;20;29.4017
2023- P3;11.09.2023;4;OSR + ART;12;3;29.4017
2023- P3;11.09.2023;4;OSR + ART;13;7;29.4017
2023- P3;11.09.2023;4;OSR + ART;14;7;29.4017
2023- P3;11.09.2023;4;OSR + ART;15;5;29.4017
2023- P3;11.09.2023;4;OSR + ART;16;2;29.4017
2023- P3;11.09.2023;4;OSR + ART;17;3;29.4017
2023- P3;11.09.2023;4;OSR + ART;18;7;29.4017
2023- P3;11.09.2023;4;OSR + ART;19;4;29.4017
2023- P3;11.09.2023;4;OSR + ART;20;5;29.4017
2023- P3;11.09.2023;5;OSR + SFB;1;8;12.2416
2023- P3;11.09.2023;5;OSR + SFB;2;3;12.2416
2023- P3;11.09.2023;5;OSR + SFB;3;0;12.2416
2023- P3;11.09.2023;5;OSR + SFB;4;4;12.2416
2023- P3;11.09.2023;5;OSR + SFB;5;4;12.2416
2023- P3;11.09.2023;5;OSR + SFB;6;3;12.2416
2023- P3;11.09.2023;5;OSR + SFB;7;0;12.2416
2023- P3;11.09.2023;5;OSR + SFB;8;4;12.2416
2023- P3;11.09.2023;5;OSR + SFB;9;8;12.2416
2023- P3;11.09.2023;5;OSR + SFB;10;5;12.2416
2023- P3;11.09.2023;5;OSR + SFB;11;7;12.2416
2023- P3;11.09.2023;5;OSR + SFB;12;5;12.2416
2023- P3;11.09.2023;5;OSR + SFB;13;3;12.2416
2023- P3;11.09.2023;5;OSR + SFB;14;2;12.2416
2023- P3;11.09.2023;5;OSR + SFB;15;3;12.2416
2023- P3;11.09.2023;5;OSR + SFB;16;0;12.2416
2023- P3;11.09.2023;5;OSR + SFB;17;13;12.2416
2023- P3;11.09.2023;5;OSR + SFB;18;3;12.2416
2023- P3;11.09.2023;5;OSR + SFB;19;6;12.2416
2023- P3;11.09.2023;5;OSR + SFB;20;3;12.2416
2023- P3;11.09.2023;6;OSR + SFB;1;2;28.7459
2023- P3;11.09.2023;5;OSR + ART;2;6;28.7459
2023- P3;11.09.2023;5;OSR + ART;3;5;28.7459
2023- P3;11.09.2023;5;OSR + ART;4;3;28.7459
2023- P3;11.09.2023;5;OSR + ART;5;5;28.7459
2023- P3;11.09.2023;5;OSR + ART;6;7;28.7459
2023- P3;11.09.2023;5;OSR + ART;7;4;28.7459
2023- P3;11.09.2023;5;OSR + ART;8;21;28.7459
2023- P3;11.09.2023;5;OSR + ART;9;9;28.7459
2023- P3;11.09.2023;5;OSR + ART;10;0;28.7459
2023- P3;11.09.2023;5;OSR + ART;11;10;28.7459
2023- P3;11.09.2023;5;OSR + ART;12;11;28.7459
2023- P3;11.09.2023;5;OSR + ART;13;15;28.7459
2023- P3;11.09.2023;5;OSR + ART;14;15;28.7459
2023- P3;11.09.2023;5;OSR + ART;15;5;28.7459
2023- P3;11.09.2023;5;OSR + ART;16;8;28.7459
2023- P3;11.09.2023;5;OSR + ART;17;9;28.7459
2023- P3;11.09.2023;5;OSR + ART;18;1;28.7459
2023- P3;11.09.2023;5;OSR + ART;19;5;28.7459
2023- P3;11.09.2023;5;OSR + ART;20;8;28.7459
2023- P3;11.09.2023;1;OSR + WFB;1;0;27.8715
2023- P3;11.09.2023;5;OSR;2;2;27.8715
2023- P3;11.09.2023;5;OSR;3;24;27.8715
2023- P3;11.09.2023;5;OSR;4;23;27.8715
2023- P3;11.09.2023;5;OSR;5;0;27.8715
2023- P3;11.09.2023;5;OSR;6;2;27.8715
2023- P3;11.09.2023;5;OSR;7;17;27.8715
2023- P3;11.09.2023;5;OSR;8;12;27.8715
2023- P3;11.09.2023;5;OSR;9;5;27.8715
2023- P3;11.09.2023;5;OSR;10;1;27.8715
2023- P3;11.09.2023;5;OSR;11;12;27.8715
2023- P3;11.09.2023;5;OSR;12;5;27.8715
2023- P3;11.09.2023;5;OSR;13;4;27.8715
2023- P3;11.09.2023;5;OSR;14;7;27.8715
2023- P3;11.09.2023;5;OSR;15;0;27.8715
2023- P3;11.09.2023;5;OSR;16;5;27.8715
2023- P3;11.09.2023;5;OSR;17;0;27.8715
2023- P3;11.09.2023;5;OSR;18;0;27.8715
2023- P3;11.09.2023;5;OSR;19;4;27.8715
2023- P3;11.09.2023;5;OSR;20;10;27.8715
2023- P3;11.09.2023;2;OSR + WFB;1;1;19.3461
2023- P3;11.09.2023;5;OSR + WFB;2;0;19.3461
2023- P3;11.09.2023;5;OSR + WFB;3;0;19.3461
2023- P3;11.09.2023;5;OSR + WFB;4;1;19.3461
2023- P3;11.09.2023;5;OSR + WFB;5;1;19.3461
2023- P3;11.09.2023;5;OSR + WFB;6;5;19.3461
2023- P3;11.09.2023;5;OSR + WFB;7;3;19.3461
2023- P3;11.09.2023;5;OSR + WFB;8;13;19.3461
2023- P3;11.09.2023;5;OSR + WFB;9;7;19.3461
2023- P3;11.09.2023;5;OSR + WFB;10;1;19.3461
2023- P3;11.09.2023;5;OSR + WFB;11;0;19.3461
2023- P3;11.09.2023;5;OSR + WFB;12;9;19.3461
2023- P3;11.09.2023;5;OSR + WFB;13;7;19.3461
2023- P3;11.09.2023;5;OSR + WFB;14;4;19.3461
2023- P3;11.09.2023;5;OSR + WFB;15;2;19.3461
2023- P3;11.09.2023;5;OSR + WFB;16;0;19.3461
2023- P3;11.09.2023;5;OSR + WFB;17;1;19.3461
2023- P3;11.09.2023;5;OSR + WFB;18;4;19.3461
2023- P3;11.09.2023;5;OSR + WFB;19;2;19.3461
2023- P3;11.09.2023;5;OSR + WFB;20;3;19.3461
2023- P3;11.09.2023;3;OSR + WFB;1;7;20.8763
2023- P3;11.09.2023;6;OSR;2;7;20.8763
2023- P3;11.09.2023;6;OSR;3;0;20.8763
2023- P3;11.09.2023;6;OSR;4;36;20.8763
2023- P3;11.09.2023;6;OSR;5;13;20.8763
2023- P3;11.09.2023;6;OSR;6;9;20.8763
2023- P3;11.09.2023;6;OSR;7;2;20.8763
2023- P3;11.09.2023;6;OSR;8;3;20.8763
2023- P3;11.09.2023;6;OSR;9;3;20.8763
2023- P3;11.09.2023;6;OSR;10;18;20.8763
2023- P3;11.09.2023;6;OSR;11;0;20.8763
2023- P3;11.09.2023;6;OSR;12;4;20.8763
2023- P3;11.09.2023;6;OSR;13;0;20.8763
2023- P3;11.09.2023;6;OSR;14;0;20.8763
2023- P3;11.09.2023;6;OSR;15;7;20.8763
2023- P3;11.09.2023;6;OSR;16;15;20.8763
2023- P3;11.09.2023;6;OSR;17;4;20.8763
2023- P3;11.09.2023;6;OSR;18;0;20.8763
2023- P3;11.09.2023;6;OSR;19;13;20.8763
2023- P3;11.09.2023;6;OSR;20;10;20.8763
2023- P3;11.09.2023;4;OSR + WFB;1;11;19.4554
2023- P3;11.09.2023;6;OSR + ART;2;2;19.4554
2023- P3;11.09.2023;6;OSR + ART;3;6;19.4554
2023- P3;11.09.2023;6;OSR + ART;4;0;19.4554
2023- P3;11.09.2023;6;OSR + ART;5;0;19.4554
2023- P3;11.09.2023;6;OSR + ART;6;2;19.4554
2023- P3;11.09.2023;6;OSR + ART;7;0;19.4554
2023- P3;11.09.2023;6;OSR + ART;8;6;19.4554
2023- P3;11.09.2023;6;OSR + ART;9;13;19.4554
2023- P3;11.09.2023;6;OSR + ART;10;7;19.4554
2023- P3;11.09.2023;6;OSR + ART;11;7;19.4554
2023- P3;11.09.2023;6;OSR + ART;12;2;19.4554
2023- P3;11.09.2023;6;OSR + ART;13;0;19.4554
2023- P3;11.09.2023;6;OSR + ART;14;1;19.4554
2023- P3;11.09.2023;6;OSR + ART;15;21;19.4554
2023- P3;11.09.2023;6;OSR + ART;16;5;19.4554
2023- P3;11.09.2023;6;OSR + ART;17;0;19.4554
2023- P3;11.09.2023;6;OSR + ART;18;4;19.4554
2023- P3;11.09.2023;6;OSR + ART;19;6;19.4554
2023- P3;11.09.2023;6;OSR + ART;20;3;19.4554
2023- P3;11.09.2023;5;OSR + WFB;1;11;14.5369
2023- P3;11.09.2023;6;OSR + SFB;2;0;14.5369
2023- P3;11.09.2023;6;OSR + SFB;3;8;14.5369
2023- P3;11.09.2023;6;OSR + SFB;4;1;14.5369
2023- P3;11.09.2023;6;OSR + SFB;5;8;14.5369
2023- P3;11.09.2023;6;OSR + SFB;6;7;14.5369
2023- P3;11.09.2023;6;OSR + SFB;7;2;14.5369
2023- P3;11.09.2023;6;OSR + SFB;8;0;14.5369
2023- P3;11.09.2023;6;OSR + SFB;9;3;14.5369
2023- P3;11.09.2023;6;OSR + SFB;10;4;14.5369
2023- P3;11.09.2023;6;OSR + SFB;11;3;14.5369
2023- P3;11.09.2023;6;OSR + SFB;12;14;14.5369
2023- P3;11.09.2023;6;OSR + SFB;13;16;14.5369
2023- P3;11.09.2023;6;OSR + SFB;14;5;14.5369
2023- P3;11.09.2023;6;OSR + SFB;15;6;14.5369
2023- P3;11.09.2023;6;OSR + SFB;16;4;14.5369
2023- P3;11.09.2023;6;OSR + SFB;17;13;14.5369
2023- P3;11.09.2023;6;OSR + SFB;18;6;14.5369
2023- P3;11.09.2023;6;OSR + SFB;19;7;14.5369
2023- P3;11.09.2023;6;OSR + SFB;20;9;14.5369
2023- P3;11.09.2023;6;OSR + WFB;1;2;21.3135
2023- P3;11.09.2023;6;OSR + WFB;2;2;21.3135
2023- P3;11.09.2023;6;OSR + WFB;3;1;21.3135
2023- P3;11.09.2023;6;OSR + WFB;4;2;21.3135
2023- P3;11.09.2023;6;OSR + WFB;5;7;21.3135
2023- P3;11.09.2023;6;OSR + WFB;6;14;21.3135
2023- P3;11.09.2023;6;OSR + WFB;7;2;21.3135
2023- P3;11.09.2023;6;OSR + WFB;8;2;21.3135
2023- P3;11.09.2023;6;OSR + WFB;9;2;21.3135
2023- P3;11.09.2023;6;OSR + WFB;10;2;21.3135
2023- P3;11.09.2023;6;OSR + WFB;11;3;21.3135
2023- P3;11.09.2023;6;OSR + WFB;12;4;21.3135
2023- P3;11.09.2023;6;OSR + WFB;13;8;21.3135
2023- P3;11.09.2023;6;OSR + WFB;14;9;21.3135
2023- P3;11.09.2023;6;OSR + WFB;15;8;21.3135
2023- P3;11.09.2023;6;OSR + WFB;16;3;21.3135
2023- P3;11.09.2023;6;OSR + WFB;17;2;21.3135
2023- P3;11.09.2023;6;OSR + WFB;18;2;21.3135
2023- P3;11.09.2023;6;OSR + WFB;19;14;21.3135
2023- P3;11.09.2023;6;OSR + WFB;20;7;21.3135
